<?xml version="1.0" encoding="utf-8"?>
<extension type="module" version="3.1.0" client="site" method="upgrade">
    <name>Training!</name>
    <author>Vaibhav</author>
    <version>1.0.0</version>
    <description>This is alpha version on training module.</description>
    <files>
        <filename>mod_training.xml</filename>
        <filename module="mod_training">mod_training.php</filename>
        <filename>index.html</filename>
        <filename>helper.php</filename>
        <filename>tmpl/default.php</filename>
        <filename>tmpl/index.html</filename>
    </files>
    <languages folder="languages">
        
            <language tag="en-GB">en-GB/en-GB.mod_training.ini</language>
    </languages>
    <config>
    </config>
</extension>