<?xml version="1.0" encoding="utf-8"?>
<extension type="component" version="3.0" method="upgrade">
    <name>COM_TRAININGS</name>
    <creationDate>2019-12-23</creationDate>
    <copyright>2019 Vaibhav Sadafule</copyright>
    <license>GNU General Public License version 2 or later; see LICENSE.txt</license>
    <author>vaibhav sadafule</author>
    <authorEmail>vaibhav.s@edreamz.in</authorEmail>
    <authorUrl>http://edreamzconcepts.com/</authorUrl>
    <version>CVS: 1.0.0</version>
    <description>COM_TRAININGS_XML_DESCRIPTION</description>
    
    
    
    <install> <!-- Runs on install -->
        <sql>
            <file driver="mysql" charset="utf8">sql/install.mysql.utf8.sql</file>
        </sql>
    </install>
    <update> <!-- Runs on update -->
        <sql>
            <file driver="mysql" charset="utf8">sql/update.mysql.utf8.sql</file>
        </sql>
    </update>
    <uninstall> <!-- Runs on uninstall -->
        <sql>
            <file driver="mysql" charset="utf8">sql/uninstall.mysql.utf8.sql</file>
        </sql>
    </uninstall>

    <files folder="site">
        <filename>index.html</filename>
        <filename>trainings.php</filename>
        <filename>faq.php</filename>
        <filename>controller.php</filename>
        <filename>router.php</filename>
        <folder>views</folder>
        <folder>models</folder>
        <folder>controllers</folder>
        <folder>helpers</folder>
            
    </files>
    <media destination="com_trainings" folder="media">
        <folder>js</folder>
        <folder>css</folder>
    </media>
    <languages folder="site/languages">
        
			<language tag="en-GB">en-GB/en-GB.com_trainings.ini</language>
    </languages>
    <administration>
        <menu>COM_TRAININGS</menu>
        <submenu>
            <menu link="option=com_trainings&amp;view=lists" view="lists" alt="Trainings/Lists">COM_TRAININGS_TITLE_LISTS</menu>
            
            <menu link="option=com_trainings&amp;view=faqs" view="faqs" alt="Trainings/Faqs">COM_TRAININGS_TITLE_FAQS</menu>
            
            <menu link="option=com_trainings&amp;view=trainerdetails" view="trainerdetails" alt="Trainings/Trainerdetails">COM_TRAININGS_TITLE_TRAINERDETAILS</menu>
			<!-- <menu link="option=com_trainings&amp;view=traininglists" view="traininglists" alt="Trainings/Traininglists">COM_TRAININGS_TITLE_TRAININGLISTS</menu> -->

        </submenu>
        <files folder="administrator">
            <filename>access.xml</filename>
            <filename>config.xml</filename>
            <filename>controller.php</filename>
            <filename>index.html</filename>
            <filename>faq.php</filename>
            <filename>trainings.php</filename>
            <folder>controllers</folder>
            <folder>assets</folder>
            <folder>helpers</folder>
            <folder>models</folder>
            <folder>sql</folder>
            <folder>tables</folder>
            <folder>views</folder>
        </files>
        <languages folder="administrator/languages">
            
			<language tag="en-GB">en-GB/en-GB.com_trainings.ini</language>
			<language tag="en-GB">en-GB/en-GB.com_trainings.sys.ini</language>
        </languages>
    </administration>
    <config>
        <fields name="params">
            <fieldset name="component">
                <field name="save_history" default="0" />
            </fieldset>
        </fields>
    </config>
    <plugins>
        <plugin group="search" plugin="trainings"/>
        <plugin group="search" plugin="faq"/>
         <plugin group="search" plugin="trainerdetails"/>
    </plugins>
    
</extension>
<!-- Component built by the Joomla Component Creator -->
<!-- http://www.component-creator.com/ -->
